Brand,Model,Storage,RAM,Screen Size (inches),Battery Capacity (mAh),c_1,c_3,c_2,c_4,price
Apple,iPhone 13 Pro,128,6,6.1,3095,12.0,12.0,12.0,0.0,premium
Samsung,Galaxy S21 Ultra,256,12,6.8,5000,108.0,10.0,10.0,12.0,premium
OnePlus,9 Pro,128,8,6.7,4500,48.0,8.0,50.0,2.0,premium
Xiaomi,Redmi Note 10 Pro,128,6,6.67,5020,64.0,5.0,8.0,2.0,mid
Google,Pixel 6,128,8,6.4,4614,50.0,0.0,12.2,0.0,premium
Apple,iPhone 13,128,4,6.1,2815,12.0,0.0,12.0,0.0,premium
Samsung,Galaxy Z Flip3,256,8,6.7,3300,12.0,0.0,12.0,0.0,premium
Xiaomi,Poco X3 Pro,128,6,6.67,5160,48.0,2.0,8.0,2.0,mid
Oppo,Reno6 Pro+ 5G,128,8,6.55,4500,50.0,16.0,13.0,2.0,premium
Vivo,X70 Pro+,256,12,6.78,4500,50.0,12.0,48.0,8.0,premium
OnePlus,Nord CE 5G,128,6,6.43,4500,64.0,2.0,8.0,0.0,high
Samsung,Galaxy A52s 5G,128,6,6.5,4500,64.0,5.0,12.0,5.0,high
Realme,GT Neo2,128,8,6.62,5000,64.0,2.0,8.0,0.0,high
Apple,iPhone 12 Mini,64,4,5.4,2227,12.0,0.0,12.0,0.0,premium
Oppo,Find X3 Pro,256,12,6.7,4500,50.0,13.0,50.0,3.0,premium
Xiaomi,Mi 11 Lite 5G NE,128,6,6.55,4250,64.0,5.0,8.0,0.0,high
Samsung,Galaxy S21,128,8,6.2,4000,64.0,12.0,12.0,0.0,premium
Vivo,Y20s (G),128,6,6.51,5000,50.0,2.0,2.0,0.0,low
Realme,8s 5G,128,6,6.5,5000,48.0,2.0,2.0,0.0,mid
Oppo,A94,128,8,6.43,4310,48.0,2.0,8.0,2.0,high
Xiaomi,Redmi 10 Prime,128,6,6.5,6000,50.0,2.0,8.0,2.0,low
Samsung,Galaxy A22 5G,128,4,6.6,5000,48.0,0.0,5.0,0.0,mid
Realme,Narzo 50 Pro 5G,128,6,6.5,5000,48.0,2.0,50.0,0.0,mid
OnePlus,9,128,8,6.55,4500,48.0,2.0,50.0,0.0,premium
Xiaomi,Redmi Note 10 Pro Max,128,6,6.67,5020,108.0,5.0,8.0,2.0,mid
Apple,iPhone 11,64,4,6.1,3110,12.0,0.0,12.0,0.0,premium
Samsung,Galaxy A03s,32,3,6.5,5000,13.0,2.0,2.0,0.0,low
Oppo,A74 5G,128,6,6.5,5000,48.0,2.0,2.0,0.0,mid
Vivo,Y12s (2021),32,3,6.51,5000,13.0,0.0,2.0,0.0,low
Realme,9i,128,4,6.5,6000,50.0,2.0,2.0,0.0,low
Samsung,Galaxy M52 5G,128,6,6.7,5000,64.0,5.0,12.0,5.0,high
Xiaomi,Redmi 10,128,4,6.5,5000,50.0,2.0,8.0,2.0,low
Apple,iPhone SE (2nd Gen),64,3,4.7,1821,12.0,0.0,0.0,0.0,high
Oppo,A53s,128,6,6.5,5000,13.0,2.0,2.0,0.0,mid
Vivo,Y33s,128,8,6.58,5000,50.0,2.0,2.0,0.0,mid
Realme,C25s,128,4,6.5,6000,13.0,2.0,2.0,0.0,low
Samsung,Galaxy A22 4G,128,6,6.4,5000,48.0,2.0,5.0,0.0,mid
OnePlus,Nord 2 5G,128,8,6.43,4500,50.0,2.0,8.0,0.0,high
Xiaomi,Poco M3 Pro 5G,64,4,6.5,5000,48.0,2.0,2.0,0.0,low
Apple,iPhone XR,64,3,6.1,2942,12.0,0.0,0.0,0.0,high
Oppo,A16,64,3,6.52,5000,13.0,2.0,2.0,0.0,low
Realme,C21Y,64,4,6.5,5000,13.0,2.0,2.0,0.0,low
Samsung,Galaxy F22,64,4,6.4,6000,48.0,2.0,8.0,2.0,low
Oppo,F19 Pro+ 5G,128,8,6.43,4310,64.0,2.0,8.0,2.0,high
Xiaomi,Mi 11X,128,8,6.67,4520,48.0,5.0,8.0,0.0,premium
Apple,iPhone 12 Mini,64,4,5.4,2227,12.0,0.0,12.0,0.0,premium
Vivo,V21e,128,8,6.44,4000,64.0,0.0,8.0,0.0,high
Realme,8 5G,128,4,6.5,5000,48.0,2.0,2.0,0.0,low
Samsung,Galaxy M12,64,4,6.5,6000,48.0,2.0,5.0,2.0,low
Oppo,A16s,64,4,6.52,5000,13.0,2.0,2.0,0.0,low
Xiaomi,Redmi 9 Power,128,4,6.53,6000,48.0,2.0,8.0,2.0,low
Apple,iPhone 11 Pro Max,256,4,6.5,3969,12.0,12.0,12.0,0.0,premium
Vivo,Y20G,64,4,6.51,5000,13.0,2.0,2.0,0.0,low
Realme,Narzo 50i,32,2,6.5,5000,50.0,0.0,2.0,0.0,low
Samsung,Galaxy A52s 5G,128,6,6.5,4500,64.0,5.0,12.0,5.0,high
Oppo,A54,128,4,6.51,5000,13.0,2.0,2.0,0.0,mid
Xiaomi,Redmi 9T,128,4,6.53,6000,48.0,2.0,8.0,2.0,low
Apple,iPhone 13 Pro Max,256,6,6.7,4352,12.0,12.0,12.0,0.0,premium
Vivo,Y33,128,8,6.58,5000,50.0,2.0,2.0,0.0,mid
Samsung,Galaxy A72,128,8,6.7,5000,64.0,8.0,12.0,5.0,high
Oppo,Reno6 Pro 5G,128,12,6.55,4500,64.0,2.0,8.0,2.0,premium
Xiaomi,Poco M3 Pro 5G,64,4,6.5,5000,48.0,2.0,2.0,0.0,low
Apple,iPhone SE (2020),64,3,4.7,1821,12.0,0.0,0.0,0.0,high
Vivo,Y53s,128,8,6.58,5000,64.0,0.0,2.0,0.0,mid
Realme,7i,128,8,6.5,5000,64.0,2.0,8.0,2.0,mid
Samsung,Galaxy A52 5G,128,6,6.5,4500,64.0,5.0,12.0,5.0,high
Oppo,F19 Pro,128,8,6.43,4310,48.0,2.0,8.0,2.0,high
Xiaomi,Redmi Note 10S,128,6,6.43,5000,64.0,2.0,8.0,2.0,mid
Apple,iPhone XR,64,3,6.1,2942,12.0,0.0,12.0,0.0,high
Vivo,Y21s,128,4,6.51,5000,50.0,0.0,2.0,0.0,low
Realme,C25s,128,4,6.5,6000,13.0,2.0,2.0,0.0,low
Samsung,Galaxy A22 5G,128,4,6.6,5000,48.0,2.0,5.0,0.0,mid
Oppo,A94,128,8,6.43,4310,48.0,2.0,8.0,2.0,high
Xiaomi,Mi 11 Lite 5G,128,6,6.55,4250,64.0,5.0,8.0,0.0,high
Apple,iPhone 11,128,4,6.1,3110,12.0,0.0,12.0,0.0,premium
Vivo,X60 Pro,256,12,6.56,4200,48.0,13.0,13.0,0.0,premium
Realme,Narzo 50A,64,4,6.5,5000,50.0,0.0,2.0,0.0,low
Apple,iPhone 13,128,4,6.1,2815,12.0,0.0,12.0,0.0,premium
Samsung,Galaxy S21,128,8,6.2,4000,64.0,12.0,12.0,0.0,premium
OnePlus,Nord 2,128,8,6.43,4500,50.0,2.0,8.0,0.0,high
Google,Pixel 6,128,8,6.4,4600,50.0,0.0,12.0,0.0,premium
Xiaomi,Poco X4 Pro,128,6,6.67,5160,48.0,2.0,8.0,2.0,high
Realme,GT Master Edition,128,8,6.43,4300,64.0,2.0,8.0,0.0,high
Vivo,X70 Pro+,256,12,6.78,4450,50.0,12.0,48.0,8.0,premium
Oppo,Reno6 Pro+,256,12,6.55,4500,50.0,13.0,16.0,2.0,premium
Motorola,Edge 20 Pro,256,12,6.7,4500,108.0,8.0,16.0,0.0,premium
Nokia,XR20,128,6,6.67,4630,48.0,0.0,13.0,0.0,premium
Sony,Xperia 5 III,128,8,6.1,4500,12.0,12.0,12.0,0.0,premium
LG,Wing,256,8,5.35,4000,64.0,12.0,13.0,0.0,premium
Asus,Zenfone 8 Flip,256,8,6.67,5000,64.0,8.0,12.0,0.0,premium
Blackberry,KEY2 LE,64,4,4.5,3000,13.0,0.0,5.0,0.0,high
Samsung,Galaxy A72,128,6,6.7,5000,64.0,8.0,12.0,5.0,high
Xiaomi,Redmi Note 10 Pro Max,128,6,6.67,5020,108.0,5.0,8.0,2.0,high
Realme,Narzo 50 Pro 5G,128,8,6.5,5000,48.0,2.0,50.0,0.0,mid
Oppo,F19 Pro+,128,8,6.43,4310,48.0,2.0,8.0,2.0,high
Vivo,Y33s,128,8,6.58,5000,50.0,2.0,2.0,0.0,mid
Motorola,Moto G60,128,6,6.8,6000,108.0,2.0,8.0,0.0,mid
Nokia,5.4,64,4,6.39,4000,48.0,2.0,5.0,0.0,mid
LG,K92 5G,128,6,6.7,4000,64.0,2.0,5.0,2.0,high
Asus,Zenfone 8,128,6,5.9,4000,64.0,0.0,12.0,0.0,premium
Blackberry,KEY2,64,6,4.5,3500,12.0,0.0,12.0,0.0,premium
Samsung,Galaxy Z Flip 3,128,8,6.7,3300,12.0,0.0,12.0,0.0,premium
OnePlus,9 Pro,256,12,6.7,4500,48.0,8.0,50.0,0.0,premium
Xiaomi,Mi 11 Ultra,256,12,6.81,5000,50.0,48.0,48.0,0.0,premium
Oppo,A16,32,3,6.52,5000,13.0,2.0,2.0,0.0,low
Vivo,Y12A,32,3,6.51,5000,13.0,0.0,2.0,0.0,low
Nokia,C20 Plus,32,3,6.5,4950,8.0,0.0,2.0,0.0,low
Samsung,Galaxy S20 FE 5G,128,6,6.5,4500,12.0,8.0,12.0,0.0,premium
Motorola,Moto E7i Power,32,2,6.5,5000,13.0,0.0,2.0,0.0,low
Xiaomi,Poco M3 Pro 5G,128,6,6.5,5000,48.0,2.0,2.0,0.0,low
Realme,C21Y,64,4,6.5,5000,13.0,2.0,2.0,0.0,low
Asus,ROG Phone 5,128,8,6.78,6000,64.0,5.0,13.0,0.0,premium
LG,Velvet 5G,128,6,6.8,4300,48.0,5.0,8.0,0.0,high
Blackberry,Evolve,64,6,5.99,4000,12.0,0.0,13.0,0.0,high
Oppo,Reno 6 Pro+,256,12,6.55,4500,50.0,16.0,13.0,2.0,premium
Samsung,Galaxy A03s,64,4,6.5,5000,13.0,2.0,2.0,0.0,low
Xiaomi,Redmi 10 Prime,128,6,6.5,6000,50.0,2.0,8.0,2.0,mid
Motorola,Moto G50,64,4,6.5,5000,48.0,2.0,5.0,0.0,mid
Realme,Narzo 50A,64,4,6.5,6000,50.0,0.0,2.0,0.0,low
Nokia,G20,64,4,6.5,5050,48.0,0.0,5.0,0.0,low
Samsung,Galaxy M32,128,6,6.4,6000,64.0,2.0,8.0,2.0,mid
Vivo,Y20G,64,4,6.51,5000,13.0,2.0,2.0,0.0,low
Asus,Zenfone 8 Flip,128,8,6.67,5000,64.0,12.0,12.0,0.0,premium
Oppo,A54,128,6,6.51,5000,50.0,2.0,2.0,0.0,mid
Samsung,Galaxy F22,128,6,6.4,6000,48.0,2.0,8.0,2.0,mid
Xiaomi,Mi 11 Lite 5G,128,6,6.55,4250,64.0,5.0,8.0,0.0,high
Realme,8i,128,4,6.6,5000,50.0,2.0,2.0,0.0,mid
Nokia,C30,64,3,6.82,6000,13.0,0.0,2.0,0.0,low
Samsung,Galaxy A32,128,6,6.4,5000,64.0,5.0,8.0,5.0,mid
Xiaomi,Redmi Note 10 Pro Max,128,8,6.67,5020,108.0,5.0,8.0,2.0,high
Realme,C21Y,64,4,6.5,5000,13.0,2.0,2.0,0.0,low
Nokia,XR20,128,6,6.67,4630,48.0,0.0,13.0,0.0,premium
Samsung,Galaxy A52s 5G,128,6,6.5,4500,64.0,5.0,12.0,5.0,high
Vivo,Y33s,128,8,6.58,5000,50.0,0.0,2.0,0.0,mid
Oppo,A16s,64,4,6.52,5000,13.0,2.0,2.0,0.0,low
Motorola,Moto G Stylus 5G,128,5,6.8,5000,48.0,5.0,8.0,0.0,high
Xiaomi,Poco M3 Pro 5G,64,4,6.5,5000,48.0,2.0,2.0,0.0,low
Realme,GT Neo2,128,8,6.62,5000,64.0,2.0,8.0,0.0,high
Nokia,C20 Plus,32,3,6.5,4950,8.0,0.0,2.0,0.0,low
Samsung,Galaxy A21s,128,4,6.5,5000,48.0,2.0,8.0,2.0,mid
Vivo,Y12s,32,3,6.51,5000,13.0,0.0,2.0,0.0,low
Oppo,F19s,128,6,6.43,5000,48.0,2.0,2.0,0.0,mid
Realme,Narzo 30 Pro 5G,128,8,6.5,5000,48.0,2.0,8.0,0.0,mid
Samsung,Galaxy A03s,32,3,6.5,5000,13.0,2.0,2.0,0.0,low
Xiaomi,Redmi 10 Prime,128,4,6.5,6000,50.0,2.0,8.0,2.0,low
Motorola,Moto G Pure,32,3,6.5,5000,48.0,0.0,2.0,0.0,low
Oppo,Reno6 Z 5G,128,8,6.4,4310,64.0,2.0,8.0,0.0,high
Samsung,Galaxy S21 Ultra 5G,256,12,6.8,5000,108.0,10.0,12.0,10.0,premium
Vivo,Y53s,128,8,6.58,5000,64.0,0.0,2.0,0.0,mid
Realme,8i,128,4,6.6,5000,50.0,2.0,2.0,0.0,mid
Nokia,G50,64,4,6.82,5000,48.0,2.0,5.0,0.0,mid
Xiaomi,Redmi 9 Activ,64,4,6.53,5000,13.0,0.0,2.0,0.0,low
Oppo,A54s,128,6,6.5,5000,50.0,2.0,2.0,0.0,mid
Samsung,Galaxy M22,128,4,6.4,5000,48.0,2.0,8.0,2.0,mid
Motorola,Moto G Power 2022,128,4,6.6,5000,48.0,2.0,8.0,0.0,mid
Vivo,Y21s,128,4,6.51,5000,50.0,0.0,2.0,0.0,low
Xiaomi,Poco X3 GT,128,8,6.6,5000,64.0,2.0,8.0,0.0,mid
Samsung,Galaxy F42 5G,128,8,6.6,5000,64.0,5.0,8.0,0.0,high
Oppo,A16s,128,4,6.52,5000,13.0,2.0,2.0,0.0,low
Vivo,V21e,128,8,6.44,4000,64.0,0.0,8.0,0.0,high
Realme,GT Master Edition,128,6,6.43,4300,64.0,2.0,8.0,0.0,high
Motorola,Edge 20 Fusion,128,6,6.7,5000,108.0,2.0,8.0,0.0,high
Samsung,Galaxy A21s,64,4,6.5,5000,48.0,2.0,8.0,2.0,low
Xiaomi,Redmi Note 10S,128,6,6.43,5000,64.0,2.0,8.0,2.0,mid
Oppo,A74 5G,128,6,6.5,5000,48.0,2.0,2.0,0.0,mid
Realme,C21,64,3,6.5,5000,13.0,2.0,2.0,0.0,low
Samsung,Galaxy M52 5G,128,6,6.7,5000,64.0,5.0,12.0,5.0,high
Vivo,V21 5G,128,8,6.44,4000,64.0,0.0,8.0,0.0,high
Xiaomi,Redmi Note 9 Pro Max,128,6,6.67,5020,64.0,5.0,8.0,2.0,mid
Motorola,Moto G Stylus 5G,128,5,6.8,5000,48.0,5.0,8.0,0.0,high
Oppo,Reno6 Pro+ 5G,256,12,6.55,4500,50.0,13.0,16.0,2.0,premium
Realme,Narzo 30 Pro 5G,128,6,6.5,5000,48.0,2.0,8.0,0.0,mid
Samsung,Galaxy A32,128,4,6.4,5000,64.0,5.0,8.0,2.0,mid
Xiaomi,Poco X3 Pro,128,6,6.67,5160,48.0,2.0,8.0,2.0,mid
Realme,C25s,128,4,6.5,6000,13.0,2.0,2.0,0.0,low
Motorola,Moto G Power 2021,64,4,6.6,5000,48.0,0.0,2.0,0.0,low
Samsung,Galaxy A52s 5G,128,6,6.5,4500,64.0,5.0,12.0,5.0,high
Vivo,V21e 5G,128,8,6.44,4000,64.0,0.0,8.0,0.0,high
Oppo,A53s 5G,128,6,6.52,5000,13.0,2.0,2.0,0.0,mid
Realme,GT Neo2,128,8,6.62,5000,64.0,2.0,8.0,0.0,high
Samsung,Galaxy M32,128,4,6.4,6000,64.0,2.0,8.0,2.0,mid
Xiaomi,Mi 11 Lite NE,128,6,6.55,4250,64.0,5.0,8.0,0.0,high
Motorola,Moto G Stylus 2021,128,4,6.4,4000,48.0,2.0,8.0,0.0,mid
Oppo,A54s 5G,128,6,6.5,5000,48.0,2.0,2.0,0.0,mid
Samsung,Galaxy F41,128,6,6.4,6000,64.0,5.0,8.0,0.0,mid
Xiaomi,Redmi Note 10 Pro,128,6,6.67,5020,64.0,5.0,8.0,2.0,high
Realme,Narzo 50A,128,4,6.5,5000,50.0,0.0,2.0,0.0,low
Oppo,A16s,64,4,6.52,5000,13.0,2.0,2.0,0.0,low
Samsung,Galaxy M52,128,6,6.7,5000,64.0,5.0,12.0,5.0,high
Vivo,V21 5G,128,8,6.44,4000,64.0,2.0,8.0,0.0,high
Motorola,Moto G50s,128,4,6.5,5000,48.0,2.0,5.0,0.0,mid
Samsung,Galaxy A13,64,4,6.5,5000,50.0,0.0,5.0,0.0,low
Xiaomi,Redmi 9 Activ,128,6,6.53,5000,50.0,0.0,2.0,0.0,mid
Realme,7i,128,8,6.5,5000,64.0,2.0,8.0,2.0,low
Oppo,A74 5G,128,6,6.5,5000,48.0,2.0,2.0,0.0,mid
Samsung,Galaxy A42 5G,128,4,6.6,5000,48.0,5.0,8.0,5.0,high
Vivo,Y33s,128,8,6.58,5000,50.0,2.0,2.0,0.0,mid
Motorola,Moto G9 Power Lite,64,4,6.5,6000,48.0,2.0,2.0,0.0,low
Realme,C21Y,64,4,6.5,5000,13.0,2.0,2.0,0.0,low
Samsung,Galaxy A22,128,4,6.4,5000,48.0,2.0,8.0,2.0,mid
Xiaomi,Redmi Note 10S,128,6,6.43,5000,64.0,2.0,8.0,2.0,mid
Oppo,A74,128,6,6.43,5000,48.0,2.0,2.0,0.0,mid
Samsung,Galaxy A32,128,4,6.4,5000,64.0,5.0,8.0,5.0,mid
Vivo,Y72 5G,128,8,6.58,5000,64.0,2.0,8.0,0.0,high
Motorola,Moto G60,128,6,6.8,6000,108.0,2.0,8.0,0.0,mid
Xiaomi,Mi 10i,128,6,6.67,4820,108.0,2.0,8.0,2.0,high
Realme,Narzo 30 Pro,128,8,6.5,5000,48.0,2.0,8.0,0.0,mid
Samsung,Galaxy M62,128,8,6.7,7000,64.0,5.0,12.0,5.0,high
Oppo,A53s,128,6,6.5,5000,50.0,2.0,2.0,0.0,mid
Xiaomi,Redmi 10 Prime,128,6,6.5,6000,50.0,2.0,8.0,2.0,low
Realme,C25s,128,4,6.5,6000,13.0,2.0,2.0,0.0,low
Samsung,Galaxy A12,64,4,6.5,5000,48.0,2.0,5.0,2.0,low
Xiaomi,Poco X3 Pro,128,6,6.67,5160,48.0,2.0,8.0,2.0,mid
Samsung,Galaxy A03s,64,4,6.5,5000,13.0,2.0,2.0,0.0,low
Oppo,A15s,64,4,6.52,4230,13.0,2.0,2.0,0.0,low
Realme,C11 2021,32,2,6.52,5000,8.0,0.0,2.0,0.0,low
Nokia,C30,32,2,6.82,6000,13.0,0.0,2.0,0.0,low
Xiaomi,Redmi 9i,64,4,6.53,5000,13.0,0.0,0.0,0.0,low
Samsung,Galaxy A22 5G,128,4,6.6,5000,48.0,2.0,5.0,0.0,mid
Oppo,A53,128,6,6.5,5000,13.0,2.0,2.0,0.0,mid
Vivo,Y12s,32,3,6.51,5000,13.0,0.0,2.0,0.0,low
Xiaomi,Mi 11 Lite 5G,128,8,6.55,4250,64.0,5.0,8.0,0.0,high
Realme,7 5G,128,6,6.5,5000,48.0,2.0,8.0,0.0,mid
Samsung,Galaxy M31s,128,6,6.5,6000,64.0,5.0,12.0,5.0,high
Oppo,A15,32,3,6.52,4230,13.0,2.0,2.0,0.0,low
Nokia,G10,32,3,6.52,5050,13.0,2.0,2.0,0.0,low
Xiaomi,Poco X3 GT,128,8,6.6,5000,64.0,2.0,8.0,0.0,high
Realme,C25,64,4,6.5,6000,13.0,2.0,2.0,0.0,low
Xiaomi,Redmi Note 10 Pro Max,128,8,6.67,5020,108.0,5.0,8.0,2.0,high
Samsung,Galaxy A52 5G,128,6,6.5,4500,64.0,5.0,12.0,5.0,high
Oppo,A94,128,8,6.43,4310,48.0,2.0,8.0,2.0,high
Vivo,Y33s,128,8,6.58,5000,50.0,2.0,2.0,0.0,mid
Realme,Narzo 50A,64,4,6.5,5000,50.0,0.0,2.0,0.0,low
Nokia,X20,128,6,6.67,4470,64.0,2.0,5.0,2.0,high
Xiaomi,Redmi 9 Power,128,4,6.53,6000,48.0,2.0,8.0,2.0,low
Samsung,Galaxy M12,64,4,6.5,6000,48.0,2.0,5.0,2.0,low
Oppo,A53s,128,6,6.5,5000,13.0,2.0,2.0,0.0,mid
Vivo,Y20s G,128,6,6.51,5000,50.0,2.0,2.0,0.0,mid
Realme,C21Y,64,4,6.5,5000,13.0,2.0,2.0,0.0,low
Nokia,C20 Plus,32,3,6.5,4950,8.0,0.0,2.0,0.0,low
Xiaomi,Redmi 10 Prime,128,4,6.5,6000,50.0,2.0,8.0,2.0,low
Oppo,Reno 6 Pro 5G,128,12,6.55,4500,64.0,2.0,8.0,0.0,premium
Vivo,Y31s,128,6,6.58,5000,13.0,0.0,2.0,0.0,mid
Realme,8 5G,128,8,6.5,5000,48.0,0.0,2.0,0.0,mid
Nokia,G20,64,4,6.5,5050,48.0,2.0,5.0,2.0,low
Xiaomi,Poco X3 Pro,128,6,6.67,5160,48.0,2.0,8.0,2.0,mid
Samsung,Galaxy A32 5G,128,4,6.5,5000,48.0,5.0,8.0,2.0,mid
Oppo,A16,32,3,6.52,5000,13.0,2.0,2.0,0.0,low
Vivo,V21 5G,128,8,6.44,4000,64.0,2.0,8.0,0.0,high
Realme,C11 2021,32,2,6.5,5000,8.0,0.0,2.0,0.0,low
Nokia,5.4,128,4,6.39,4000,48.0,2.0,5.0,2.0,mid
Xiaomi,Redmi Note 10,64,4,6.43,5000,48.0,2.0,8.0,2.0,low
Samsung,Galaxy F41,64,6,6.4,6000,64.0,5.0,8.0,0.0,mid
Oppo,A54,128,6,6.51,5000,48.0,2.0,2.0,0.0,mid
Vivo,V20 SE,128,8,6.44,4100,48.0,2.0,8.0,0.0,high
Nokia,3.4,64,3,6.39,4000,13.0,2.0,5.0,0.0,low
Xiaomi,Redmi Note 9 Pro Max,64,6,6.67,5020,64.0,5.0,8.0,2.0,mid
Samsung,Galaxy M31s,128,8,6.5,6000,64.0,5.0,12.0,5.0,high
Oppo,A54,128,4,6.51,5000,13.0,2.0,2.0,0.0,mid
Vivo,Y12s,32,3,6.51,5000,13.0,0.0,2.0,0.0,low
Realme,C20,32,2,6.5,5000,8.0,0.0,0.0,0.0,low
Nokia,1.4,32,2,6.51,4000,8.0,0.0,2.0,0.0,low
Xiaomi,Redmi 9 Power,64,4,6.53,6000,48.0,2.0,8.0,2.0,low
Samsung,Galaxy A02s,32,3,6.5,5000,13.0,2.0,2.0,0.0,low
Oppo,A15s,64,4,6.52,4230,13.0,2.0,2.0,0.0,low
Vivo,Y51A,128,8,6.58,5000,48.0,2.0,8.0,0.0,mid
Realme,Narzo 20,64,4,6.5,6000,48.0,2.0,8.0,0.0,low
Nokia,5.3,64,3,6.55,4000,13.0,2.0,5.0,2.0,low
Xiaomi,Redmi Note 8,64,4,6.3,4000,48.0,2.0,8.0,2.0,low
Samsung,Galaxy M11,32,3,6.4,5000,13.0,2.0,5.0,0.0,low
Oppo,A54,64,4,6.51,5000,13.0,2.0,2.0,0.0,low
Vivo,Y20s,128,8,6.51,5000,13.0,2.0,2.0,0.0,mid
Realme,C11,32,2,6.5,5000,13.0,0.0,2.0,0.0,low
Nokia,2.4,32,2,6.5,4500,8.0,0.0,2.0,0.0,low
Xiaomi,Redmi 9,64,4,6.53,5020,13.0,5.0,8.0,2.0,low
Samsung,Galaxy A11,32,2,6.4,4000,13.0,2.0,5.0,0.0,low
Oppo,A12,64,4,6.22,4230,13.0,0.0,2.0,0.0,low
Vivo,Y20G,128,6,6.51,5000,13.0,2.0,2.0,0.0,mid
Realme,C15,64,4,6.5,6000,13.0,2.0,8.0,2.0,low
Nokia,3.1 Plus,32,3,6.0,3500,13.0,0.0,5.0,0.0,low
Xiaomi,Redmi Note 7,64,4,6.3,4000,48.0,0.0,5.0,0.0,low
Samsung,Galaxy A12,64,4,6.5,5000,48.0,2.0,5.0,2.0,low
Oppo,A31,128,4,6.5,4230,12.0,2.0,2.0,0.0,low
Vivo,Y15,64,4,6.35,5000,13.0,2.0,8.0,0.0,low
Realme,Narzo 10A,32,3,6.5,5000,12.0,2.0,2.0,0.0,low
Xiaomi,Redmi 9T,128,4,6.53,6000,48.0,2.0,8.0,2.0,mid
Samsung,Galaxy A30s,64,4,6.4,4000,25.0,5.0,8.0,0.0,mid
Samsung,Galaxy Note 20 Ultra,256,12,6.9,4500,108.0,12.0,12.0,0.0,premium
Apple,iPhone SE (2020),64,3,4.7,1821,12.0,0.0,0.0,0.0,high
Xiaomi,Poco X3 Pro,128,6,6.67,5160,48.0,2.0,8.0,2.0,mid
Google,Pixel 5,128,8,6.0,4080,12.2,0.0,16.0,0.0,premium
Huawei,Mate 40 Pro,256,8,6.76,4400,50.0,12.0,20.0,3.0,premium
OnePlus,Nord N10 5G,128,6,6.49,4300,64.0,2.0,8.0,2.0,mid
Oppo,Reno 5 Pro 5G,128,8,6.55,4350,64.0,2.0,8.0,2.0,high
Samsung,Galaxy A71,128,6,6.7,4500,64.0,5.0,12.0,5.0,premium
Nokia,8.3 5G,128,8,6.81,4500,64.0,2.0,12.0,2.0,high
Apple,iPhone 11 Pro Max,512,4,6.5,3969,12.0,12.0,12.0,0.0,premium
Xiaomi,Mi 11,256,8,6.81,4600,108.0,5.0,13.0,0.0,premium
Motorola,Moto G Power (2021),64,4,6.6,5000,48.0,2.0,2.0,0.0,low
Google,Pixel 4a 5G,128,6,6.2,3885,12.2,0.0,16.0,0.0,high
Huawei,Nova 8 Pro 5G,128,8,6.72,4000,64.0,2.0,8.0,2.0,premium
Samsung,Galaxy A52,128,6,6.5,4500,64.0,5.0,12.0,5.0,high
OnePlus,8T,256,12,6.55,4500,48.0,5.0,16.0,2.0,premium
Xiaomi,Redmi 9,64,4,6.53,5020,13.0,5.0,8.0,2.0,low
Apple,iPhone 13,128,6,6.1,2815,12.0,12.0,12.0,0.0,premium
Oppo,A15s,64,4,6.52,4230,13.0,2.0,2.0,0.0,low
Nokia,G50 5G,128,4,6.82,4850,48.0,2.0,5.0,0.0,mid
Apple,iPhone XR,64,3,6.1,2942,12.0,0.0,7.0,0.0,premium
Samsung,Galaxy S21 Ultra 5G,256,12,6.8,5000,108.0,10.0,10.0,12.0,premium
Xiaomi,Redmi Note 10 Pro,128,6,6.67,5020,108.0,5.0,8.0,2.0,mid
Oppo,Find X3 Neo 5G,256,12,6.55,4500,50.0,13.0,16.0,2.0,premium
Huawei,P40 Pro,256,8,6.58,4200,50.0,40.0,12.0,3.0,premium
OnePlus,9 Pro,256,12,6.7,4500,48.0,8.0,50.0,2.0,premium
Motorola,Moto G Stylus (2021),128,4,6.4,4000,48.0,2.0,8.0,0.0,mid
Google,Pixel 4,128,6,5.7,2800,12.2,0.0,16.0,0.0,premium
Samsung,Galaxy A12,128,4,6.5,5000,48.0,2.0,5.0,2.0,low
Nokia,5.4,64,4,6.39,4000,48.0,2.0,5.0,2.0,low
Apple,iPhone 12,128,4,6.1,2815,12.0,0.0,12.0,0.0,premium
Xiaomi,Redmi 10,128,4,6.5,5000,50.0,2.0,8.0,2.0,mid
Oppo,A94 5G,128,8,6.43,4310,48.0,2.0,8.0,2.0,high
Huawei,Nova 9 Pro 5G,256,8,6.72,4500,50.0,16.0,8.0,2.0,premium
Samsung,Galaxy S10 Lite,128,6,6.7,4500,48.0,5.0,12.0,0.0,premium
OnePlus,8 Pro,256,12,6.78,4510,48.0,8.0,48.0,5.0,premium
Nokia,7.2,128,6,6.3,3500,48.0,5.0,8.0,0.0,high
Xiaomi,Mi 10T Pro,256,8,6.67,5000,108.0,5.0,13.0,0.0,premium
Apple,iPhone 11,64,4,6.1,3110,12.0,12.0,12.0,0.0,premium
Oppo,F19 Pro+ 5G,128,8,6.43,4310,64.0,2.0,8.0,2.0,high
Motorola,Moto G Power (2021),64,3,6.6,5000,48.0,2.0,2.0,0.0,low
Samsung,Galaxy A71,128,6,6.7,4500,64.0,5.0,12.0,5.0,high
Huawei,Mate 30 Pro 5G,256,8,6.53,4500,40.0,8.0,40.0,3.0,premium
Xiaomi,Poco X3 Pro,128,6,6.67,5160,48.0,2.0,8.0,2.0,mid
Google,Pixel 5,128,8,6.0,4080,12.2,0.0,16.0,0.0,premium
Apple,iPhone SE (2020),64,3,4.7,1821,12.0,0.0,0.0,0.0,high
Samsung,Galaxy M51,128,6,6.7,7000,64.0,5.0,12.0,5.0,high
Oppo,Reno4 Pro 5G,256,12,6.55,4000,48.0,13.0,12.0,0.0,premium
Nokia,3.4,64,4,6.39,4000,13.0,2.0,5.0,0.0,low
Motorola,Moto G9 Plus,128,4,6.81,5000,64.0,2.0,8.0,2.0,mid
Apple,iPhone XS Max,256,4,6.5,3174,12.0,0.0,12.0,0.0,premium
Samsung,Galaxy A32 5G,128,4,6.5,5000,48.0,5.0,8.0,2.0,mid
Xiaomi,Redmi Note 9S,128,6,6.67,5020,48.0,5.0,8.0,2.0,mid
Oppo,A92,128,8,6.5,5000,48.0,2.0,8.0,2.0,high
Huawei,P30 Pro,256,8,6.47,4200,40.0,8.0,20.0,0.0,premium
Samsung,Galaxy S20 FE 5G,128,6,6.5,4500,12.0,8.0,12.0,0.0,premium
OnePlus,7 Pro,256,8,6.67,4000,48.0,8.0,16.0,0.0,premium
Nokia,6.2,128,4,6.3,3500,16.0,5.0,8.0,0.0,mid
Xiaomi,Mi 10T Lite,128,6,6.67,4820,64.0,2.0,8.0,2.0,mid
Apple,iPhone 8 Plus,64,3,5.5,2691,12.0,0.0,12.0,0.0,premium
Oppo,A53,128,4,6.5,5000,13.0,2.0,2.0,0.0,mid
Motorola,Moto G8 Power,64,4,6.4,5000,16.0,8.0,8.0,2.0,mid
Huawei,Nova 7i,128,8,6.4,4200,48.0,2.0,8.0,2.0,high
Samsung,Galaxy S21+ 5G,256,8,6.7,4800,12.0,12.0,64.0,0.0,premium
Xiaomi,Mi 11 Lite,128,6,6.55,4250,64.0,5.0,8.0,0.0,high
Nokia,8.3 5G,128,8,6.81,4500,64.0,2.0,12.0,2.0,high
OnePlus,Nord,128,8,6.44,4115,48.0,5.0,8.0,2.0,high
Apple,iPhone XR,64,3,6.1,2942,12.0,0.0,0.0,0.0,high
Samsung,Galaxy A12,128,4,6.5,5000,48.0,2.0,5.0,2.0,low
Oppo,A94 5G,128,8,6.43,4310,48.0,2.0,8.0,2.0,high
Xiaomi,Redmi 9T,128,4,6.53,6000,48.0,2.0,8.0,2.0,low
Motorola,Moto G10,128,4,6.5,5000,48.0,2.0,8.0,2.0,low
Samsung,Galaxy A52 5G,128,6,6.5,4500,64.0,5.0,12.0,5.0,high
Huawei,P40 Pro+,512,8,6.58,4200,50.0,12.0,40.0,3.0,premium
Apple,iPhone 11 Pro Max,64,4,6.5,3969,12.0,12.0,12.0,0.0,premium
Samsung,Galaxy Note20 5G,256,8,6.7,4300,12.0,12.0,64.0,0.0,premium
Xiaomi,Poco M3,128,4,6.53,6000,48.0,2.0,2.0,0.0,low
Nokia,5.4,64,4,6.39,4000,48.0,2.0,5.0,2.0,low
Oppo,Find X3 Neo 5G,256,12,6.55,4500,50.0,13.0,16.0,2.0,premium
Samsung,Galaxy S20 Ultra 5G,512,16,6.9,5000,108.0,12.0,48.0,3.0,premium
Xiaomi,Redmi Note 9S,128,6,6.67,5020,48.0,5.0,8.0,2.0,mid
Apple,iPhone 12 mini,256,4,5.4,2227,12.0,0.0,12.0,0.0,premium
Samsung,Galaxy A21s,128,6,6.5,5000,48.0,2.0,8.0,2.0,low
OnePlus,9,128,8,6.55,4500,48.0,2.0,50.0,0.0,premium
Motorola,Moto G9 Power,128,4,6.8,6000,64.0,2.0,2.0,0.0,mid
Samsung,Galaxy Z Fold2 5G,256,12,7.6,4500,12.0,12.0,12.0,0.0,premium
Xiaomi,Mi 10T Pro 5G,128,8,6.67,5000,108.0,5.0,13.0,0.0,premium
Oppo,Reno4 Pro 5G,256,12,6.5,4000,48.0,12.0,13.0,2.0,premium
Huawei,P40 Pro,256,8,6.58,4200,50.0,40.0,12.0,3.0,premium
Samsung,Galaxy S20 FE 5G,128,6,6.5,4500,12.0,8.0,12.0,0.0,premium
Nokia,2.4,32,2,6.5,4500,13.0,0.0,2.0,0.0,low
Apple,iPhone SE (2020),128,3,4.7,1821,12.0,0.0,0.0,0.0,high
Xiaomi,Redmi 9C,64,3,6.53,5000,13.0,2.0,2.0,0.0,low
Samsung,Galaxy A32 5G,128,4,6.5,5000,48.0,5.0,8.0,2.0,mid
OnePlus,Nord N10 5G,128,6,6.49,4300,64.0,2.0,8.0,2.0,mid
Huawei,Y7p,64,4,6.39,4000,48.0,2.0,8.0,0.0,low
Apple,iPhone 12 Pro,128,6,6.1,2815,12.0,12.0,12.0,0.0,premium
Samsung,Galaxy A42 5G,128,4,6.6,5000,48.0,5.0,8.0,5.0,high
Xiaomi,Redmi Note 10 Pro,128,6,6.67,5020,108.0,5.0,8.0,2.0,high
Samsung,Galaxy S21,128,8,6.2,4000,64.0,12.0,12.0,0.0,premium
Apple,iPhone 11,128,4,6.1,3110,12.0,0.0,12.0,0.0,premium
Xiaomi,Redmi 9T,128,4,6.53,6000,48.0,2.0,8.0,2.0,low
Google,Pixel 5,128,8,6.0,4080,12.2,0.0,16.0,0.0,premium
Huawei,Nova 7i,128,8,6.4,4200,48.0,2.0,8.0,2.0,high
Samsung,Galaxy S20 Ultra 5G,128,12,6.9,5000,108.0,12.0,48.0,0.3,premium
OnePlus,8T,128,8,6.55,4500,48.0,5.0,16.0,2.0,premium
Motorola,Moto G8 Power,64,4,6.4,5000,16.0,8.0,8.0,2.0,low
Realme,7,128,8,6.5,5000,64.0,2.0,8.0,2.0,mid
Apple,iPhone XR,128,3,6.1,2942,12.0,0.0,12.0,0.0,premium
Xiaomi,Poco M3,128,4,6.53,6000,48.0,2.0,2.0,0.0,low
Samsung,Galaxy A52 5G,128,6,6.5,4500,64.0,5.0,12.0,5.0,high
Oppo,A93,128,8,6.43,4000,48.0,2.0,8.0,2.0,high
Motorola,Moto G Pro,128,4,6.4,4000,48.0,2.0,16.0,0.0,high
Huawei,P30 Lite,128,4,6.15,3340,48.0,2.0,8.0,0.0,high
Samsung,Galaxy Note20 5G,128,8,6.7,4300,12.0,12.0,64.0,0.0,premium
Xiaomi,Mi 10 Lite 5G,128,6,6.57,4160,48.0,2.0,8.0,2.0,high
Apple,iPhone 12 Pro Max,128,6,6.7,3687,12.0,12.0,12.0,0.0,premium
Oppo,Reno3,128,8,6.4,4025,48.0,8.0,13.0,2.0,high
Samsung,Galaxy S10 Lite,128,6,6.7,4500,48.0,5.0,12.0,0.0,premium
